name,tag
ときのそら,#soraArt
ロボ子さん,#ロボ子Art
さくらみこ,#miko_Art
さくらみこ,#みこちのおもちゃ
星街すいせい,#ほしまちぎゃらりー
AZKi,#AZKiART
夜空メル,#メルArt
アキ・ローゼンタール,#アロ絵
アキ・ローゼンタール,#スケベなアロ絵
アキ・ローゼンタール,#アキロゼ素材
赤井はあと,#はあとart
赤井はあと,#R18はあちゃま
白上フブキ,#絵フブキ
白上フブキ,#白上配信素材
夏色まつり,#祭絵
夏色まつり,#肌色まつり
夏色まつり,#まつりは絵っち
夏色まつり,#夏色これ着ろ
夏色まつり,#夏色素材
湊あくあ,#あくあーと
紫咲シオン,#シオンの書物
紫咲シオン,#シオンちゃん付けて
百鬼あやめ,#百鬼絵巻
癒月ちょこ,#しょこらーと
大空スバル,#プロテインザスバル
大神ミオ,#みおーん絵
猫又おかゆ,#絵かゆ
猫又おかゆ,#エロおにぎり
戌神ころね,#できたてころね
戌神ころね,#ころさんデコレーション
兎田ぺこら,#ぺこらーと
潤羽るしあ,#絵クロマンサー
潤羽るしあ,#るしあのエッッ
不知火フレア,#しらぬえ
不知火フレア,#不知火配信素材
白銀ノエル,#ノエラート
白銀ノエル,#オークアート
白銀ノエル,#ノエル団長PNG素材
宝鐘マリン,#マリンのお宝
宝鐘マリン,#沈没後悔日記
宝鐘マリン,#船長これつけてください
天音かなた,#かなたーと
桐生ココ,#みかじ絵
桐生ココ,#cocoART
角巻わため,#つのまきあーと
常闇トワ,#TOWART
常闇トワ,#トワ様の隠し事
姫森ルーナ,#ルーナート
姫森ルーナ,#セクシールーナート
雪花ラミィ,#LamyArt
桃鈴ねね,#ねねアルバム
獅白ぼたん,#ししらーと
獅白ぼたん,#ししデコ
魔乃アロエ,#まのあろ絵
尾丸ポルカ,#絵まる
尾丸ポルカ,#尾丸投げ
ラプラス・ダークネス,#laplus_Artdesu
鷹嶺ルイ,#Luillust
鷹嶺ルイ,#ルイ姉へプレゼントだべ
博衣こより,#こよりすけっち
博衣こより,#こよりすげーえっち
沙花叉クロヱ,#さかまた飼育日記
風真いろは,#いろはにも絵を
火威青,#青ペン
音乃瀬奏),#Artnose
一条莉々華,#ririkart
一条莉々華,#AIchijoe
一条莉々華,#いちじょーのひみつ
儒烏風亭らでん,#らでん似絵
儒烏風亭らでん,#AIらでん似絵
轟はじめ,#はじめ武勇伝