name,tag,Twitter
月ノ美兎,#みとあーと,@MitoTsukino
勇気ちひろ,#ちーあーと,@Chihiro_yuki23
える,#えるの絵だよ,@Elu_World
樋口楓,#でろあーと,@HiguchiKaede
静凛,#凛Art,@ShizuRin23
渋谷ハジメ,#ピク渋,@sibuya_hajime
鈴谷アキ,#アキくんちゃんアート,@aki_suzuya
モイラ,#もいもいらすと,@Moiramoimoimoi
モイラ,#女神使ってもいいのだわ,@Moiramoimoimoi
鈴鹿詩子,#詩子あーと,@suzukautako
宇志海いちご,#いちごのあとりえ,@ushimi_ichigo
家長むぎ,#むぎあーと,@ienaga_mugi23
夕陽リリ,#りりあーと,@Yuuhi_Riri
物述有栖,#有栖の絵本,@AliceMononobe
文野環,#のらねっこあら,@nekokan_chu
伏見ガク,#絵ガク,@gaku_fushimi
ギルザレンIII世,#ギルザレン画廊,@Gilzaren_III
剣持刀也,#金剛力也像,@rei_Toya_rei
森中花咲,#森中びじゅつかん,@KazakiMorinaka
叶,#かな絵,@Kanae_2434
赤羽葉子,#赤羽絵葉書,@Youko_Akabane
笹木咲,#笹の絵,@saku_sasaki
闇夜乃モルル,#モルルアート,@_rnrrdark
本間ひまわり,#ひまあーと,@honmahimawari
魔界ノりりむ,#りりむとおえかき,@makaino_ririmu
葛葉,#KuzuArt,@Vamp_Kuzu
葛葉,#KuzuArt_R,@Vamp_Kuzu
雪汝,#氷画,@setsuna2434
椎名唯華,#しいなーと,@yuika_siina
ドーラ,#ドーラの宝物庫,@___Dola
海夜叉神,#絵馬絵,@god_yaksa23
名伽尾アズマ,#あずま絵,@azuma_dazo
出雲霞,#出雲墨絵,@ikasumi_zzz
轟京子,#クリエイツ轟京子,@KT_seeds
シスター・クレア,#描いたよクレアさん,@SisterCleaire
花畑チャイカ,#お花畑青空大写生大会,@ZulmIhP1nlMOT5y
社築,#社築納品物,@846kizuQ
安土桃,#もっとももちゃんあーと,@momo_azuchi
鈴木勝,#漆黒の水鏡,@Darkness_Eater
緑仙,#緑仙はやく見ろ,@midori_2434
卯月コウ,#絵画コウ,@udukikohh
卯月コウ,#春画コウ,@udukikohh
八朔ゆず,#ゆずの朔品,@839yuzu
神田笑一,#クリ笑イト,@Kanda_Shoichi
鳴門こがね,#こがね絵,@nArUtO_kOgAnE
飛鳥ひな,#ぴよあーと,@hina__asuka
春崎エアル,#絵アル,@harusakiair2434
春崎エアル,#絵ロイヤル,@harusakiair2434
春崎エアル,#絵ア子,@harusakiair2434
雨森小夜,#雨森と美術,@Sayo_Amemori
鷹宮リオン,#リオンあーと,@TakamiyaRion
舞元啓介,#しら画,@maimoto_k
竜胆尊,#尊絵巻,@RindouMikoto
でびでび・でびる,#でびるさまにささげるえ,@debidebiru_sama
桜凛月,#リツキあーと,@SAKURA_RITSUKI
町田ちま,#描いてみまちた,@chima_machita23
月見しずく,#おつきみあーと,@tukimi_sizuku
ジョー・力一,#ジョー設展,@JoeRikiichi
遠北千南,#遠い北からの絵手紙,@ac1kt
成瀬鳴,#なるアート,@narusenaru_2434
ベルモンド・バンデラス,#デラスのお品書き,@belmond_b_2434
矢車りね,#りねの自由帳,@Rine_Yaguruma
夢追翔,#絵かける,@kakeru_yumeoi
夢追翔,#曲かける,@kakeru_yumeoi
夢追翔,#ゆめお見ない,@kakeru_yumeoi
黒井しば,#しばのドッグタグ,@BlackShiba_chan
童田明治,#いめいじー,@warabeda_meiji
久遠千歳,#ちとせてんごく,@kudou_chitose
郡道美玲,#3年0組黒板新聞,@g9v9g_mirei
夢月ロア,#ロアート,@yuzuki_roa
小野町春香,#小野町絵巻,@onomachi_haruka
語部紡,#い絵ーい,@KataribeTsumugu
瀬戸美夜子,#せとあーと,@seto_miyako
御伽原江良,#えらすとや,@OtogibaraEra
戌亥とこ,#いぬいらすと,@inui_toko
アンジュ・カトリーナ,#絵ンジュ,@ange_katrina_
リゼ・ヘルエスタ,#ヘル絵スタ,@Lize_Helesta
三枝明那,#さ絵ぐさ,@333akina
愛園愛美,#愛美術館,@manami_aizono
鈴原るる,#るるのアトリエ,@lulu_suzuhara
雪城眞尋,#まひろあーと,@mahiroyukishiro
エクス・アルビオ,#絵クス絵画,@ex_albio
レヴィ・エリファ,#絵リファ,@Levi_E_2434
葉山舞鈴,#舞鈴クラフト,@Hayama_Marin
ニュイ・ソシエール,#ソシ絵ール,@Nui_Sociere @onui_sub
葉加瀬冬雪,#はかせレポート,@hakase_fuyuki
加賀美ハヤト,#加画美,@H_KAGAMI2434
夜見れな,#れなの鳥っくあーと,@rena_yorumi
黛灰,#灰画,"@mayuzumi_X, @BBash_Shell"
アルス・アルマル,#マル描いてちょんっ,"@ars_almal, @Arsalmal_sub"
相羽ういは,#ういはぁーと,@AibaUiha
天宮こころ,#絵こころ,"@amamiya_kokoro, @amamya_sub"
エリー・コニファー,#絵にふぁー,@Eli_Conifer
ラトナ・プティ,#ラトアート,"@ratna_petit, @rtpt_sub"
早瀬走,#描かれて走,"@SouHayase, @hayayasou"
健屋花那,#いらすこや,@sukosuko_sukoya
シェリン・バーガンディ,#シェリンの証拠品,@ShellinBurgundy
フミ,#恋フミ,@FumiVirtual
星川サラ,#サラ星図,"@Sara_Hoshikawa, @Hoshikawa_sub"
山神カルタ,#カルタの絵札,@karuta_Yamagami
えま★おうがすと,#えまの絵馬,"@emma_august_, @hazuki_emma"
ルイス・キャミー,#ルイスのコレクション,@Luis_Cammy
魔使マオ,#マオのお絵描き帳,@matsukai_mao
不破湊,#絵スコート,@Fuwa_Minato
白雪巴,#巴絵,@Tomoe_Shirayuki
グウェル・オス・ガール,#推す画ール,@Gwelu_os_gar
ましろ,#まっしろキャンバス,@mashiro2434
奈羅花,#奈羅ート,"@Naraka_2434, @nyaraka_sub_"
来栖夏芽,#なつめぇ画,@kurusu72me
フレン・E・ルスタリオ,#フレン見て,@furen_2434
メリッサ・キンレンカ,#絵リッサ,@melissa_2434
イブラヒム,#絵ブラヒム,@honmono_ibrahim
長尾景,#長尾百景,@kei_nagao2434
弦月藤士郎,#上弦画,@1O46V
甲斐田晴,#描いた晴,@Kaida_Haru
空星きらめ,#きら名画,@kirame_2434
朝日南アカネ,#アカネ色の世界,@akane_asahina__
周央サンゴ,#描くンゴ,"@Suo_Sango, @trpngo"
東堂コハク,#画ハク,@kohaku_todo
北小路ヒスイ,#ヒスイワークス,"@Hisui_Kitakoji, @Hisui_Jagged"
西園チグサ,#ニシゾノート,"@Chigusa_24zono, @Chigsab"
アクシア・クローネ,#AXIART,@AXIA_96NE
ローレン・イロアス,#秘密の鍵穴,@Lauren_iroas
レオス・ヴィンセント,#やらしいですね絵,@Leos_Vincent
天ヶ瀬むゆ,#あまがせんしてぃぶ,@Muyu_Amagase
海妹四葉,#Yotsuh_Art,@Yotsuha_Umise
壱百満天原サロメ,#サロメ百万展,@1000000lome
風楽奏斗,#ふうらーと,
風楽奏斗,#風裏倉庫,
渡会雲雀,#わたらいらすと,
渡会雲雀,#秘雀絵,
四季凪アキラ,#四季彩画,
四季凪アキラ,#四季欲,
セラフ・ダズルガーデン,#SeraPic,
セラフ・ダズルガーデン,#セラフの裏庭,
小清水透,#泡色模様,
獅子堂あかり,#獅子どろーいんぐ,
鏑木ろこ,#らくがきろこ,
鏑木ろこ,#鏑禁止エリア,
五十嵐梨花,#絵画らしぃ,
石神のぞみ,#流石神絵師,
石神のぞみ,#石神不可侵領域,
ソフィア・ヴァレンタイン,#いらすたいん,
ソフィア・ヴァレンタイン,#ヴァレンティブ,
倉持めると,#もちめるあーと,
倉持めると,#赤らめると,
佐伯イッテツ,#サイキペイント,
赤城ウェン,#紙とウェン,
宇佐美リト,#ウサミアァァァァトゥ,
緋八マナ,#まな板にマナ居た,
星導ショウ,#ショウゾウ画,
叢雲カゲツ,#叢雲掲示板,
小柳ロウ,#ドロウイング,
伊波ライ,#絵ライぞ伊波,